Time,Value
1.036800,-4.809137
