Time,Value
1.036800,2.857846
