Time,Value
0.000000,0.000000
0.104447,0.522233
0.208893,1.044466
0.313340,1.566699
0.417786,2.088932
0.522233,2.611165
0.522233,2.611165
0.626680,3.133398
0.731126,3.655631
0.835573,3.655630
0.940019,3.133398
1.044466,2.611165
1.044466,2.611165
1.148913,2.088932
1.253359,1.566699
1.357806,1.044466
1.462252,0.522233
1.566699,-0.000000
