Time,Value
1.036800,-0.763780
