Time,Value
0.000000,-3.000000
0.195771,-2.902441
0.595591,-2.155309
1.070937,-0.844691
1.470757,-0.097559
1.666528,0.000000
