Time,Value
0.000000,-4.999983
0.115549,-1.000004
0.231099,-0.000004
0.346648,0.000004
0.462198,1.000005
0.577747,4.999985
