Time,Value
0.000000,5.000000
0.239046,5.000000
0.478091,5.000000
0.717137,2.142857
0.956183,-2.142857
1.195229,-5.000000
1.434274,-5.000000
1.673320,-5.000000
