Time,Value
0.000000,5.577744
0.115549,4.999999
0.231099,4.999998
0.346648,4.999998
0.462198,4.999999
0.577747,5.577745
