Time,Value
0.000000,0.000000
0.346410,1.732051
0.692820,3.464102
1.039231,3.464101
1.385641,1.732050
1.732051,-0.000000
