Time,Value
0.000000,-3.000000
0.115549,-2.355495
0.231099,-1.794437
0.346648,-1.205563
0.462198,-0.644506
0.577747,0.000000
