Time,Value
0.000000,-3.000000
0.239046,-3.000000
0.478091,-2.666667
0.717137,-2.000000
0.956183,-1.000000
1.195229,-0.333333
1.434274,-0.000000
1.673320,0.000000
