Time,Value
0.000000,5.000000
0.195771,5.000000
0.595591,2.396362
1.070937,-2.396362
1.470757,-5.000000
1.666528,-5.000000
