Time,Value
0.000000,0.000000
0.195771,0.996511
0.595591,2.564611
1.070937,2.564611
1.470757,0.996511
1.666528,-0.000000
