Time,Value
0.000000,5.000000
0.346410,5.000000
0.692820,2.000000
1.039230,-2.000000
1.385641,-5.000000
1.732051,-5.000000
