Time,Value
0.000000,-3.000000
0.346410,-3.000000
0.692820,-2.250000
1.039230,-0.750000
1.385641,0.000000
1.732051,0.000000
