Time,Value
0.688981,0.000000
