Time,Value
0.000000,5.000000
0.104447,5.000000
0.208893,5.000000
0.313340,5.000000
0.417786,5.000000
0.522233,5.000000
0.522233,4.999999
0.626680,4.999998
0.731126,1.999999
0.835573,-2.000000
0.940019,-4.999999
1.044466,-4.999999
1.044466,-4.999999
1.148913,-4.999999
1.253359,-5.000000
1.357806,-5.000000
1.462252,-5.000000
1.566699,-5.000000
