Time,Value
0.688981,-1.938993
