Time,Value
0.000000,4.996884
0.195775,4.999836
0.595605,2.397316
1.070962,-2.397294
1.470791,-4.999858
1.666567,-4.996942
