Time,Value
0.000000,-0.000000
0.195775,0.996246
0.595605,2.564710
1.070962,2.564716
1.470791,0.996254
1.666567,0.000000
