Time,Value
0.000000,-3.000000
0.195775,-2.902474
0.595605,-2.155370
1.070962,-0.844634
1.470791,-0.097527
1.666567,0.000000
