Time,Value
0.000000,4.999972
0.195771,5.000000
0.595591,2.396371
1.070937,-2.396371
1.470757,-5.000000
1.666528,-4.999972
