Time,Value
0.000000,0.000000
0.195771,0.996508
0.595591,2.564612
1.070937,2.564612
1.470757,0.996508
1.666528,0.000000
