Time,Value
0.000000,-3.000000
2.000000,-3.000000
4.000000,-3.563636
6.000000,-3.563636
8.000000,-4.127273
10.000000,-4.684848
