Time,Value
0.000000,-0.000000
2.500000,0.210526
2.500000,-0.421053
5.000000,-0.421053
5.000000,-1.052632
7.500000,-1.894737
7.500000,-1.894737
10.000000,-2.736842
