Time,Value
0.000000,5.000000
0.346410,4.999999
0.692820,1.999999
1.039231,-2.000001
1.385641,-5.000000
1.732051,-4.999996
