Time,Value
0.000000,0.000000
0.239046,1.195229
0.478091,2.390457
0.717137,3.585686
0.956183,3.585686
1.195229,2.390457
1.434274,1.195229
1.673320,0.000000
