Time,Value
0.522233,2.611165
1.044466,2.611165
