Time,Value
0.774597,3.872983
