Time,Value
0.774597,5.000000
