Time,Value
0.522233,5.000000
1.044466,-4.999999
