Time,Value
0.522233,-2.318182
1.044466,-0.681818
