Time,Value
0.774597,-1.500000
